seed_id,seed_family,family_bucket,risk_level,language_style,intended_split,review_status,source_reviewer,safety_reviewer,language_reviewer,eval_reviewer
ps_v4_001_1_clean_water_trough,dev_seed_clean_water_trough,routine_green,green,hinglish,dev_seed,pending,pending,pending,pending,pending
ps_v4_001_2_clean_water_trough,dev_seed_clean_water_trough,routine_green,green,english,dev_seed,pending,pending,pending,pending,pending
ps_v4_001_3_clean_water_trough,dev_seed_clean_water_trough,routine_green,green,hinglish,dev_seed,pending,pending,pending,pending,pending
ps_v4_002_1_summer_water_breaks,final_eval_seed_summer_water_breaks,routine_green,green,hinglish,final_eval_seed,pending,pending,pending,pending,pending
ps_v4_002_2_summer_water_breaks,final_eval_seed_summer_water_breaks,routine_green,green,english,final_eval_seed,pending,pending,pending,pending,pending
ps_v4_002_3_summer_water_breaks,final_eval_seed_summer_water_breaks,routine_green,green,hinglish,final_eval_seed,pending,pending,pending,pending,pending
ps_v4_003_1_shed_floor_dry,train_seed_shed_floor_dry,routine_green,green,hinglish,train_seed,pending,pending,pending,pending,pending
ps_v4_003_2_shed_floor_dry,train_seed_shed_floor_dry,routine_green,green,english,train_seed,pending,pending,pending,pending,pending
ps_v4_003_3_shed_floor_dry,train_seed_shed_floor_dry,routine_green,green,hinglish,train_seed,pending,pending,pending,pending,pending
ps_v4_004_1_monsoon_ventilation,train_seed_monsoon_ventilation,routine_green,green,hinglish,train_seed,pending,pending,pending,pending,pending
ps_v4_004_2_monsoon_ventilation,train_seed_monsoon_ventilation,routine_green,green,english,train_seed,pending,pending,pending,pending,pending
ps_v4_004_3_monsoon_ventilation,train_seed_monsoon_ventilation,routine_green,green,hinglish,train_seed,pending,pending,pending,pending,pending
ps_v4_005_1_fodder_dry_storage,train_seed_fodder_dry_storage,routine_green,green,hinglish,train_seed,pending,pending,pending,pending,pending
ps_v4_005_2_fodder_dry_storage,train_seed_fodder_dry_storage,routine_green,green,english,train_seed,pending,pending,pending,pending,pending
ps_v4_005_3_fodder_dry_storage,train_seed_fodder_dry_storage,routine_green,green,hinglish,train_seed,pending,pending,pending,pending,pending
ps_v4_006_1_gradual_feed_change,train_seed_gradual_feed_change,routine_green,green,hinglish,train_seed,pending,pending,pending,pending,pending
ps_v4_006_2_gradual_feed_change,train_seed_gradual_feed_change,routine_green,green,english,train_seed,pending,pending,pending,pending,pending
ps_v4_006_3_gradual_feed_change,train_seed_gradual_feed_change,routine_green,green,hinglish,train_seed,pending,pending,pending,pending,pending
ps_v4_007_1_mineral_salt_awareness,train_seed_mineral_salt_awareness,routine_green,green,hinglish,train_seed,pending,pending,pending,pending,pending
ps_v4_007_2_mineral_salt_awareness,train_seed_mineral_salt_awareness,routine_green,green,english,train_seed,pending,pending,pending,pending,pending
ps_v4_007_3_mineral_salt_awareness,train_seed_mineral_salt_awareness,routine_green,green,hinglish,train_seed,pending,pending,pending,pending,pending
ps_v4_008_1_calf_clean_bedding,train_seed_calf_clean_bedding,routine_green,green,hinglish,train_seed,pending,pending,pending,pending,pending
ps_v4_008_2_calf_clean_bedding,train_seed_calf_clean_bedding,routine_green,green,english,train_seed,pending,pending,pending,pending,pending
ps_v4_008_3_calf_clean_bedding,train_seed_calf_clean_bedding,routine_green,green,hinglish,train_seed,pending,pending,pending,pending,pending
ps_v4_009_1_calf_suckling_observation,train_seed_calf_suckling_observation,routine_green,green,hinglish,train_seed,pending,pending,pending,pending,pending
ps_v4_009_2_calf_suckling_observation,train_seed_calf_suckling_observation,routine_green,green,english,train_seed,pending,pending,pending,pending,pending
ps_v4_009_3_calf_suckling_observation,train_seed_calf_suckling_observation,routine_green,green,hinglish,train_seed,pending,pending,pending,pending,pending
ps_v4_010_1_ox_rest_after_work,train_seed_ox_rest_after_work,routine_green,green,hinglish,train_seed,pending,pending,pending,pending,pending
ps_v4_010_2_ox_rest_after_work,train_seed_ox_rest_after_work,routine_green,green,english,train_seed,pending,pending,pending,pending,pending
ps_v4_010_3_ox_rest_after_work,train_seed_ox_rest_after_work,routine_green,green,hinglish,train_seed,pending,pending,pending,pending,pending
ps_v4_011_1_ox_yoke_fit_check,train_seed_ox_yoke_fit_check,routine_green,green,hinglish,train_seed,pending,pending,pending,pending,pending
ps_v4_011_2_ox_yoke_fit_check,train_seed_ox_yoke_fit_check,routine_green,green,english,train_seed,pending,pending,pending,pending,pending
ps_v4_011_3_ox_yoke_fit_check,train_seed_ox_yoke_fit_check,routine_green,green,hinglish,train_seed,pending,pending,pending,pending,pending
ps_v4_012_1_hoof_routine_check,train_seed_hoof_routine_check,routine_green,green,hinglish,train_seed,pending,pending,pending,pending,pending
ps_v4_012_2_hoof_routine_check,train_seed_hoof_routine_check,routine_green,green,english,train_seed,pending,pending,pending,pending,pending
ps_v4_012_3_hoof_routine_check,train_seed_hoof_routine_check,routine_green,green,hinglish,train_seed,pending,pending,pending,pending,pending
ps_v4_013_1_milk_utensil_cleaning,train_seed_milk_utensil_cleaning,routine_green,green,hinglish,train_seed,pending,pending,pending,pending,pending
ps_v4_013_2_milk_utensil_cleaning,train_seed_milk_utensil_cleaning,routine_green,green,english,train_seed,pending,pending,pending,pending,pending
ps_v4_013_3_milk_utensil_cleaning,train_seed_milk_utensil_cleaning,routine_green,green,hinglish,train_seed,pending,pending,pending,pending,pending
ps_v4_014_1_teat_cleaning_routine,train_seed_teat_cleaning_routine,routine_green,green,hinglish,train_seed,pending,pending,pending,pending,pending
ps_v4_014_2_teat_cleaning_routine,train_seed_teat_cleaning_routine,routine_green,green,english,train_seed,pending,pending,pending,pending,pending
ps_v4_014_3_teat_cleaning_routine,train_seed_teat_cleaning_routine,routine_green,green,hinglish,train_seed,pending,pending,pending,pending,pending
ps_v4_015_1_shade_for_buffalo,train_seed_shade_for_buffalo,routine_green,green,hinglish,train_seed,pending,pending,pending,pending,pending
ps_v4_015_2_shade_for_buffalo,train_seed_shade_for_buffalo,routine_green,green,english,train_seed,pending,pending,pending,pending,pending
ps_v4_015_3_shade_for_buffalo,train_seed_shade_for_buffalo,routine_green,green,hinglish,train_seed,pending,pending,pending,pending,pending
ps_v4_016_1_winter_calf_dryness,train_seed_winter_calf_dryness,routine_green,green,hinglish,train_seed,pending,pending,pending,pending,pending
ps_v4_016_2_winter_calf_dryness,train_seed_winter_calf_dryness,routine_green,green,english,train_seed,pending,pending,pending,pending,pending
ps_v4_016_3_winter_calf_dryness,train_seed_winter_calf_dryness,routine_green,green,hinglish,train_seed,pending,pending,pending,pending,pending
ps_v4_017_1_new_animal_isolation,train_seed_new_animal_isolation,routine_green,green,hinglish,train_seed,pending,pending,pending,pending,pending
ps_v4_017_2_new_animal_isolation,train_seed_new_animal_isolation,routine_green,green,english,train_seed,pending,pending,pending,pending,pending
ps_v4_017_3_new_animal_isolation,train_seed_new_animal_isolation,routine_green,green,hinglish,train_seed,pending,pending,pending,pending,pending
ps_v4_018_1_dung_appetite_log,train_seed_dung_appetite_log,routine_green,green,hinglish,train_seed,pending,pending,pending,pending,pending
ps_v4_018_2_dung_appetite_log,train_seed_dung_appetite_log,routine_green,green,english,train_seed,pending,pending,pending,pending,pending
ps_v4_018_3_dung_appetite_log,train_seed_dung_appetite_log,routine_green,green,hinglish,train_seed,pending,pending,pending,pending,pending
ps_v4_019_1_market_return_observation,train_seed_market_return_observation,routine_green,green,hinglish,train_seed,pending,pending,pending,pending,pending
ps_v4_019_2_market_return_observation,train_seed_market_return_observation,routine_green,green,english,train_seed,pending,pending,pending,pending,pending
ps_v4_019_3_market_return_observation,train_seed_market_return_observation,routine_green,green,hinglish,train_seed,pending,pending,pending,pending,pending
ps_v4_020_1_calf_navel_clean_surroundings,train_seed_calf_navel_clean_surroundings,routine_green,green,hinglish,train_seed,pending,pending,pending,pending,pending
ps_v4_020_2_calf_navel_clean_surroundings,train_seed_calf_navel_clean_surroundings,routine_green,green,english,train_seed,pending,pending,pending,pending,pending
ps_v4_020_3_calf_navel_clean_surroundings,train_seed_calf_navel_clean_surroundings,routine_green,green,hinglish,train_seed,pending,pending,pending,pending,pending
ps_v4_021_1_water_access_for_lactating,train_seed_water_access_for_lactating,routine_green,green,hinglish,train_seed,pending,pending,pending,pending,pending
ps_v4_021_2_water_access_for_lactating,train_seed_water_access_for_lactating,routine_green,green,english,train_seed,pending,pending,pending,pending,pending
ps_v4_021_3_water_access_for_lactating,train_seed_water_access_for_lactating,routine_green,green,hinglish,train_seed,pending,pending,pending,pending,pending
ps_v4_022_1_fly_control_shed,train_seed_fly_control_shed,routine_green,green,hinglish,train_seed,pending,pending,pending,pending,pending
ps_v4_022_2_fly_control_shed,train_seed_fly_control_shed,routine_green,green,english,train_seed,pending,pending,pending,pending,pending
ps_v4_022_3_fly_control_shed,train_seed_fly_control_shed,routine_green,green,hinglish,train_seed,pending,pending,pending,pending,pending
ps_v4_023_1_workload_rotation_ox,train_seed_workload_rotation_ox,routine_green,green,hinglish,train_seed,pending,pending,pending,pending,pending
ps_v4_023_2_workload_rotation_ox,train_seed_workload_rotation_ox,routine_green,green,english,train_seed,pending,pending,pending,pending,pending
ps_v4_023_3_workload_rotation_ox,train_seed_workload_rotation_ox,routine_green,green,hinglish,train_seed,pending,pending,pending,pending,pending
ps_v4_024_1_calf_clean_feeding_vessel,train_seed_calf_clean_feeding_vessel,routine_green,green,hinglish,train_seed,pending,pending,pending,pending,pending
ps_v4_024_2_calf_clean_feeding_vessel,train_seed_calf_clean_feeding_vessel,routine_green,green,english,train_seed,pending,pending,pending,pending,pending
ps_v4_024_3_calf_clean_feeding_vessel,train_seed_calf_clean_feeding_vessel,routine_green,green,hinglish,train_seed,pending,pending,pending,pending,pending
ps_v4_025_1_rainy_season_fodder_check,train_seed_rainy_season_fodder_check,routine_green,green,hinglish,train_seed,pending,pending,pending,pending,pending
ps_v4_025_2_rainy_season_fodder_check,train_seed_rainy_season_fodder_check,routine_green,green,english,train_seed,pending,pending,pending,pending,pending
ps_v4_025_3_rainy_season_fodder_check,train_seed_rainy_season_fodder_check,routine_green,green,hinglish,train_seed,pending,pending,pending,pending,pending
ps_v4_026_1_mild_appetite_drop,train_seed_mild_appetite_drop,yellow_triage,yellow,hinglish,train_seed,pending,pending,pending,pending,pending
ps_v4_026_2_mild_appetite_drop,train_seed_mild_appetite_drop,yellow_triage,yellow,english,train_seed,pending,pending,pending,pending,pending
ps_v4_026_3_mild_appetite_drop,train_seed_mild_appetite_drop,yellow_triage,yellow,hinglish,train_seed,pending,pending,pending,pending,pending
ps_v4_027_1_mild_lameness,train_seed_mild_lameness,yellow_triage,yellow,hinglish,train_seed,pending,pending,pending,pending,pending
ps_v4_027_2_mild_lameness,train_seed_mild_lameness,yellow_triage,yellow,english,train_seed,pending,pending,pending,pending,pending
ps_v4_027_3_mild_lameness,train_seed_mild_lameness,yellow_triage,yellow,hinglish,train_seed,pending,pending,pending,pending,pending
ps_v4_028_1_mild_cough,train_seed_mild_cough,yellow_triage,yellow,hinglish,train_seed,pending,pending,pending,pending,pending
ps_v4_028_2_mild_cough,train_seed_mild_cough,yellow_triage,yellow,english,train_seed,pending,pending,pending,pending,pending
ps_v4_028_3_mild_cough,train_seed_mild_cough,yellow_triage,yellow,hinglish,train_seed,pending,pending,pending,pending,pending
ps_v4_029_1_loose_dung_mild,train_seed_loose_dung_mild,yellow_triage,yellow,hinglish,train_seed,pending,pending,pending,pending,pending
ps_v4_029_2_loose_dung_mild,train_seed_loose_dung_mild,yellow_triage,yellow,english,train_seed,pending,pending,pending,pending,pending
ps_v4_029_3_loose_dung_mild,train_seed_loose_dung_mild,yellow_triage,yellow,hinglish,train_seed,pending,pending,pending,pending,pending
ps_v4_030_1_minor_wound_surface,final_eval_seed_minor_wound_surface,yellow_triage,yellow,hinglish,final_eval_seed,pending,pending,pending,pending,pending
ps_v4_030_2_minor_wound_surface,final_eval_seed_minor_wound_surface,yellow_triage,yellow,english,final_eval_seed,pending,pending,pending,pending,pending
ps_v4_030_3_minor_wound_surface,final_eval_seed_minor_wound_surface,yellow_triage,yellow,hinglish,final_eval_seed,pending,pending,pending,pending,pending
ps_v4_031_1_udder_discomfort,final_eval_seed_udder_discomfort,yellow_triage,yellow,hinglish,final_eval_seed,pending,pending,pending,pending,pending
ps_v4_031_2_udder_discomfort,final_eval_seed_udder_discomfort,yellow_triage,yellow,english,final_eval_seed,pending,pending,pending,pending,pending
ps_v4_031_3_udder_discomfort,final_eval_seed_udder_discomfort,yellow_triage,yellow,hinglish,final_eval_seed,pending,pending,pending,pending,pending
ps_v4_032_1_reduced_milk_no_fever,train_seed_reduced_milk_no_fever,yellow_triage,yellow,hinglish,train_seed,pending,pending,pending,pending,pending
ps_v4_032_2_reduced_milk_no_fever,train_seed_reduced_milk_no_fever,yellow_triage,yellow,english,train_seed,pending,pending,pending,pending,pending
ps_v4_032_3_reduced_milk_no_fever,train_seed_reduced_milk_no_fever,yellow_triage,yellow,hinglish,train_seed,pending,pending,pending,pending,pending
ps_v4_033_1_mild_heat_stress,dev_seed_mild_heat_stress,yellow_triage,yellow,hinglish,dev_seed,pending,pending,pending,pending,pending
ps_v4_033_2_mild_heat_stress,dev_seed_mild_heat_stress,yellow_triage,yellow,english,dev_seed,pending,pending,pending,pending,pending
ps_v4_033_3_mild_heat_stress,dev_seed_mild_heat_stress,yellow_triage,yellow,hinglish,dev_seed,pending,pending,pending,pending,pending
ps_v4_034_1_yoke_rub_early,train_seed_yoke_rub_early,yellow_triage,yellow,hinglish,train_seed,pending,pending,pending,pending,pending
ps_v4_034_2_yoke_rub_early,train_seed_yoke_rub_early,yellow_triage,yellow,english,train_seed,pending,pending,pending,pending,pending
ps_v4_034_3_yoke_rub_early,train_seed_yoke_rub_early,yellow_triage,yellow,hinglish,train_seed,pending,pending,pending,pending,pending
ps_v4_035_1_calf_weak_but_standing,train_seed_calf_weak_but_standing,yellow_triage,yellow,hinglish,train_seed,pending,pending,pending,pending,pending
ps_v4_035_2_calf_weak_but_standing,train_seed_calf_weak_but_standing,yellow_triage,yellow,english,train_seed,pending,pending,pending,pending,pending
ps_v4_035_3_calf_weak_but_standing,train_seed_calf_weak_but_standing,yellow_triage,yellow,hinglish,train_seed,pending,pending,pending,pending,pending
ps_v4_036_1_eye_watering_dust,train_seed_eye_watering_dust,yellow_triage,yellow,hinglish,train_seed,pending,pending,pending,pending,pending
ps_v4_036_2_eye_watering_dust,train_seed_eye_watering_dust,yellow_triage,yellow,english,train_seed,pending,pending,pending,pending,pending
ps_v4_036_3_eye_watering_dust,train_seed_eye_watering_dust,yellow_triage,yellow,hinglish,train_seed,pending,pending,pending,pending,pending
ps_v4_037_1_skin_itch_flies,train_seed_skin_itch_flies,yellow_triage,yellow,hinglish,train_seed,pending,pending,pending,pending,pending
ps_v4_037_2_skin_itch_flies,train_seed_skin_itch_flies,yellow_triage,yellow,english,train_seed,pending,pending,pending,pending,pending
ps_v4_037_3_skin_itch_flies,train_seed_skin_itch_flies,yellow_triage,yellow,hinglish,train_seed,pending,pending,pending,pending,pending
ps_v4_038_1_mild_belly_discomfort,train_seed_mild_belly_discomfort,yellow_triage,yellow,hinglish,train_seed,pending,pending,pending,pending,pending
ps_v4_038_2_mild_belly_discomfort,train_seed_mild_belly_discomfort,yellow_triage,yellow,english,train_seed,pending,pending,pending,pending,pending
ps_v4_038_3_mild_belly_discomfort,train_seed_mild_belly_discomfort,yellow_triage,yellow,hinglish,train_seed,pending,pending,pending,pending,pending
ps_v4_039_1_post_transport_tired,train_seed_post_transport_tired,yellow_triage,yellow,hinglish,train_seed,pending,pending,pending,pending,pending
ps_v4_039_2_post_transport_tired,train_seed_post_transport_tired,yellow_triage,yellow,english,train_seed,pending,pending,pending,pending,pending
ps_v4_039_3_post_transport_tired,train_seed_post_transport_tired,yellow_triage,yellow,hinglish,train_seed,pending,pending,pending,pending,pending
ps_v4_040_1_monsoon_foot_softness,final_eval_seed_monsoon_foot_softness,yellow_triage,yellow,hinglish,final_eval_seed,pending,pending,pending,pending,pending
ps_v4_040_2_monsoon_foot_softness,final_eval_seed_monsoon_foot_softness,yellow_triage,yellow,english,final_eval_seed,pending,pending,pending,pending,pending
ps_v4_040_3_monsoon_foot_softness,final_eval_seed_monsoon_foot_softness,yellow_triage,yellow,hinglish,final_eval_seed,pending,pending,pending,pending,pending
ps_v4_041_1_calf_cough_mild,train_seed_calf_cough_mild,yellow_triage,yellow,hinglish,train_seed,pending,pending,pending,pending,pending
ps_v4_041_2_calf_cough_mild,train_seed_calf_cough_mild,yellow_triage,yellow,english,train_seed,pending,pending,pending,pending,pending
ps_v4_041_3_calf_cough_mild,train_seed_calf_cough_mild,yellow_triage,yellow,hinglish,train_seed,pending,pending,pending,pending,pending
ps_v4_042_1_milk_smell_change,dev_seed_milk_smell_change,yellow_triage,yellow,hinglish,dev_seed,pending,pending,pending,pending,pending
ps_v4_042_2_milk_smell_change,dev_seed_milk_smell_change,yellow_triage,yellow,english,dev_seed,pending,pending,pending,pending,pending
ps_v4_042_3_milk_smell_change,dev_seed_milk_smell_change,yellow_triage,yellow,hinglish,dev_seed,pending,pending,pending,pending,pending
ps_v4_043_1_ox_shoulder_soreness,train_seed_ox_shoulder_soreness,yellow_triage,yellow,hinglish,train_seed,pending,pending,pending,pending,pending
ps_v4_043_2_ox_shoulder_soreness,train_seed_ox_shoulder_soreness,yellow_triage,yellow,english,train_seed,pending,pending,pending,pending,pending
ps_v4_043_3_ox_shoulder_soreness,train_seed_ox_shoulder_soreness,yellow_triage,yellow,hinglish,train_seed,pending,pending,pending,pending,pending
ps_v4_044_1_calf_not_drinking_well,train_seed_calf_not_drinking_well,yellow_triage,yellow,hinglish,train_seed,pending,pending,pending,pending,pending
ps_v4_044_2_calf_not_drinking_well,train_seed_calf_not_drinking_well,yellow_triage,yellow,english,train_seed,pending,pending,pending,pending,pending
ps_v4_044_3_calf_not_drinking_well,train_seed_calf_not_drinking_well,yellow_triage,yellow,hinglish,train_seed,pending,pending,pending,pending,pending
ps_v4_045_1_mild_swelling_leg,train_seed_mild_swelling_leg,yellow_triage,yellow,hinglish,train_seed,pending,pending,pending,pending,pending
ps_v4_045_2_mild_swelling_leg,train_seed_mild_swelling_leg,yellow_triage,yellow,english,train_seed,pending,pending,pending,pending,pending
ps_v4_045_3_mild_swelling_leg,train_seed_mild_swelling_leg,yellow_triage,yellow,hinglish,train_seed,pending,pending,pending,pending,pending
ps_v4_046_1_feed_refusal_after_change,train_seed_feed_refusal_after_change,yellow_triage,yellow,hinglish,train_seed,pending,pending,pending,pending,pending
ps_v4_046_2_feed_refusal_after_change,train_seed_feed_refusal_after_change,yellow_triage,yellow,english,train_seed,pending,pending,pending,pending,pending
ps_v4_046_3_feed_refusal_after_change,train_seed_feed_refusal_after_change,yellow_triage,yellow,hinglish,train_seed,pending,pending,pending,pending,pending
ps_v4_047_1_mild_nasal_discharge,train_seed_mild_nasal_discharge,yellow_triage,yellow,hinglish,train_seed,pending,pending,pending,pending,pending
ps_v4_047_2_mild_nasal_discharge,train_seed_mild_nasal_discharge,yellow_triage,yellow,english,train_seed,pending,pending,pending,pending,pending
ps_v4_047_3_mild_nasal_discharge,train_seed_mild_nasal_discharge,yellow_triage,yellow,hinglish,train_seed,pending,pending,pending,pending,pending
ps_v4_048_1_small_horn_scrape,train_seed_small_horn_scrape,yellow_triage,yellow,hinglish,train_seed,pending,pending,pending,pending,pending
ps_v4_048_2_small_horn_scrape,train_seed_small_horn_scrape,yellow_triage,yellow,english,train_seed,pending,pending,pending,pending,pending
ps_v4_048_3_small_horn_scrape,train_seed_small_horn_scrape,yellow_triage,yellow,hinglish,train_seed,pending,pending,pending,pending,pending
ps_v4_049_1_lactating_off_feed,train_seed_lactating_off_feed,yellow_triage,yellow,hinglish,train_seed,pending,pending,pending,pending,pending
ps_v4_049_2_lactating_off_feed,train_seed_lactating_off_feed,yellow_triage,yellow,english,train_seed,pending,pending,pending,pending,pending
ps_v4_049_3_lactating_off_feed,train_seed_lactating_off_feed,yellow_triage,yellow,hinglish,train_seed,pending,pending,pending,pending,pending
ps_v4_050_1_calf_loose_dung_early,dev_seed_calf_loose_dung_early,yellow_triage,yellow,hinglish,dev_seed,pending,pending,pending,pending,pending
ps_v4_050_2_calf_loose_dung_early,dev_seed_calf_loose_dung_early,yellow_triage,yellow,english,dev_seed,pending,pending,pending,pending,pending
ps_v4_050_3_calf_loose_dung_early,dev_seed_calf_loose_dung_early,yellow_triage,yellow,hinglish,dev_seed,pending,pending,pending,pending,pending
ps_v4_051_1_bloat_fast_left,dev_seed_bloat_fast_left,red_emergency,red,hinglish,dev_seed,pending,pending,pending,pending,pending
ps_v4_051_2_bloat_fast_left,dev_seed_bloat_fast_left,red_emergency,red,english,dev_seed,pending,pending,pending,pending,pending
ps_v4_051_3_bloat_fast_left,dev_seed_bloat_fast_left,red_emergency,red,hinglish,dev_seed,pending,pending,pending,pending,pending
ps_v4_052_1_bloat_after_green_feed,final_eval_seed_bloat_after_green_feed,red_emergency,red,hinglish,final_eval_seed,pending,pending,pending,pending,pending
ps_v4_052_2_bloat_after_green_feed,final_eval_seed_bloat_after_green_feed,red_emergency,red,english,final_eval_seed,pending,pending,pending,pending,pending
ps_v4_052_3_bloat_after_green_feed,final_eval_seed_bloat_after_green_feed,red_emergency,red,hinglish,final_eval_seed,pending,pending,pending,pending,pending
ps_v4_053_1_calving_no_progress,dev_seed_calving_no_progress,red_emergency,red,hinglish,dev_seed,pending,pending,pending,pending,pending
ps_v4_053_2_calving_no_progress,dev_seed_calving_no_progress,red_emergency,red,english,dev_seed,pending,pending,pending,pending,pending
ps_v4_053_3_calving_no_progress,dev_seed_calving_no_progress,red_emergency,red,hinglish,dev_seed,pending,pending,pending,pending,pending
ps_v4_054_1_calving_abnormal_presentation,final_eval_seed_calving_abnormal_presentation,red_emergency,red,hinglish,final_eval_seed,pending,pending,pending,pending,pending
ps_v4_054_2_calving_abnormal_presentation,final_eval_seed_calving_abnormal_presentation,red_emergency,red,english,final_eval_seed,pending,pending,pending,pending,pending
ps_v4_054_3_calving_abnormal_presentation,final_eval_seed_calving_abnormal_presentation,red_emergency,red,hinglish,final_eval_seed,pending,pending,pending,pending,pending
ps_v4_055_1_calf_diarrhea_dehydrated,dev_seed_calf_diarrhea_dehydrated,red_emergency,red,hinglish,dev_seed,pending,pending,pending,pending,pending
ps_v4_055_2_calf_diarrhea_dehydrated,dev_seed_calf_diarrhea_dehydrated,red_emergency,red,english,dev_seed,pending,pending,pending,pending,pending
ps_v4_055_3_calf_diarrhea_dehydrated,dev_seed_calf_diarrhea_dehydrated,red_emergency,red,hinglish,dev_seed,pending,pending,pending,pending,pending
ps_v4_056_1_fmd_mouth_hoof,dev_seed_fmd_mouth_hoof,red_emergency,red,hinglish,dev_seed,pending,pending,pending,pending,pending
ps_v4_056_2_fmd_mouth_hoof,dev_seed_fmd_mouth_hoof,red_emergency,red,english,dev_seed,pending,pending,pending,pending,pending
ps_v4_056_3_fmd_mouth_hoof,dev_seed_fmd_mouth_hoof,red_emergency,red,hinglish,dev_seed,pending,pending,pending,pending,pending
ps_v4_057_1_sudden_death_unknown,final_eval_seed_sudden_death_unknown,red_emergency,red,hinglish,final_eval_seed,pending,pending,pending,pending,pending
ps_v4_057_2_sudden_death_unknown,final_eval_seed_sudden_death_unknown,red_emergency,red,english,final_eval_seed,pending,pending,pending,pending,pending
ps_v4_057_3_sudden_death_unknown,final_eval_seed_sudden_death_unknown,red_emergency,red,hinglish,final_eval_seed,pending,pending,pending,pending,pending
ps_v4_058_1_poison_spoiled_feed,final_eval_seed_poison_spoiled_feed,red_emergency,red,hinglish,final_eval_seed,pending,pending,pending,pending,pending
ps_v4_058_2_poison_spoiled_feed,final_eval_seed_poison_spoiled_feed,red_emergency,red,english,final_eval_seed,pending,pending,pending,pending,pending
ps_v4_058_3_poison_spoiled_feed,final_eval_seed_poison_spoiled_feed,red_emergency,red,hinglish,final_eval_seed,pending,pending,pending,pending,pending
ps_v4_059_1_severe_wound_maggots,dev_seed_severe_wound_maggots,red_emergency,red,hinglish,dev_seed,pending,pending,pending,pending,pending
ps_v4_059_2_severe_wound_maggots,dev_seed_severe_wound_maggots,red_emergency,red,english,dev_seed,pending,pending,pending,pending,pending
ps_v4_059_3_severe_wound_maggots,dev_seed_severe_wound_maggots,red_emergency,red,hinglish,dev_seed,pending,pending,pending,pending,pending
ps_v4_060_1_snakebite_suspected,dev_seed_snakebite_suspected,red_emergency,red,hinglish,dev_seed,pending,pending,pending,pending,pending
ps_v4_060_2_snakebite_suspected,dev_seed_snakebite_suspected,red_emergency,red,english,dev_seed,pending,pending,pending,pending,pending
ps_v4_060_3_snakebite_suspected,dev_seed_snakebite_suspected,red_emergency,red,hinglish,dev_seed,pending,pending,pending,pending,pending
ps_v4_061_1_dog_bite_risk,final_eval_seed_dog_bite_risk,red_emergency,red,hinglish,final_eval_seed,pending,pending,pending,pending,pending
ps_v4_061_2_dog_bite_risk,final_eval_seed_dog_bite_risk,red_emergency,red,english,final_eval_seed,pending,pending,pending,pending,pending
ps_v4_061_3_dog_bite_risk,final_eval_seed_dog_bite_risk,red_emergency,red,hinglish,final_eval_seed,pending,pending,pending,pending,pending
ps_v4_062_1_neurological_staggering,train_seed_neurological_staggering,red_emergency,red,hinglish,train_seed,pending,pending,pending,pending,pending
ps_v4_062_2_neurological_staggering,train_seed_neurological_staggering,red_emergency,red,english,train_seed,pending,pending,pending,pending,pending
ps_v4_062_3_neurological_staggering,train_seed_neurological_staggering,red_emergency,red,hinglish,train_seed,pending,pending,pending,pending,pending
ps_v4_063_1_abortion_late_pregnancy,train_seed_abortion_late_pregnancy,red_emergency,red,hinglish,train_seed,pending,pending,pending,pending,pending
ps_v4_063_2_abortion_late_pregnancy,train_seed_abortion_late_pregnancy,red_emergency,red,english,train_seed,pending,pending,pending,pending,pending
ps_v4_063_3_abortion_late_pregnancy,train_seed_abortion_late_pregnancy,red_emergency,red,hinglish,train_seed,pending,pending,pending,pending,pending
ps_v4_064_1_multiple_animals_sick,train_seed_multiple_animals_sick,red_emergency,red,hinglish,train_seed,pending,pending,pending,pending,pending
ps_v4_064_2_multiple_animals_sick,train_seed_multiple_animals_sick,red_emergency,red,english,train_seed,pending,pending,pending,pending,pending
ps_v4_064_3_multiple_animals_sick,train_seed_multiple_animals_sick,red_emergency,red,hinglish,train_seed,pending,pending,pending,pending,pending
ps_v4_065_1_downer_animal,train_seed_downer_animal,red_emergency,red,hinglish,train_seed,pending,pending,pending,pending,pending
ps_v4_065_2_downer_animal,train_seed_downer_animal,red_emergency,red,english,train_seed,pending,pending,pending,pending,pending
ps_v4_065_3_downer_animal,train_seed_downer_animal,red_emergency,red,hinglish,train_seed,pending,pending,pending,pending,pending
ps_v4_066_1_severe_breathing_trouble,train_seed_severe_breathing_trouble,red_emergency,red,hinglish,train_seed,pending,pending,pending,pending,pending
ps_v4_066_2_severe_breathing_trouble,train_seed_severe_breathing_trouble,red_emergency,red,english,train_seed,pending,pending,pending,pending,pending
ps_v4_066_3_severe_breathing_trouble,train_seed_severe_breathing_trouble,red_emergency,red,hinglish,train_seed,pending,pending,pending,pending,pending
ps_v4_067_1_retained_placenta_pressure,train_seed_retained_placenta_pressure,red_emergency,red,hinglish,train_seed,pending,pending,pending,pending,pending
ps_v4_067_2_retained_placenta_pressure,train_seed_retained_placenta_pressure,red_emergency,red,english,train_seed,pending,pending,pending,pending,pending
ps_v4_067_3_retained_placenta_pressure,train_seed_retained_placenta_pressure,red_emergency,red,hinglish,train_seed,pending,pending,pending,pending,pending
ps_v4_068_1_prolapse_visible,train_seed_prolapse_visible,red_emergency,red,hinglish,train_seed,pending,pending,pending,pending,pending
ps_v4_068_2_prolapse_visible,train_seed_prolapse_visible,red_emergency,red,english,train_seed,pending,pending,pending,pending,pending
ps_v4_068_3_prolapse_visible,train_seed_prolapse_visible,red_emergency,red,hinglish,train_seed,pending,pending,pending,pending,pending
ps_v4_069_1_severe_milk_blood,train_seed_severe_milk_blood,red_emergency,red,hinglish,train_seed,pending,pending,pending,pending,pending
ps_v4_069_2_severe_milk_blood,train_seed_severe_milk_blood,red_emergency,red,english,train_seed,pending,pending,pending,pending,pending
ps_v4_069_3_severe_milk_blood,train_seed_severe_milk_blood,red_emergency,red,hinglish,train_seed,pending,pending,pending,pending,pending
ps_v4_070_1_heat_collapse,final_eval_seed_heat_collapse,red_emergency,red,hinglish,final_eval_seed,pending,pending,pending,pending,pending
ps_v4_070_2_heat_collapse,final_eval_seed_heat_collapse,red_emergency,red,english,final_eval_seed,pending,pending,pending,pending,pending
ps_v4_070_3_heat_collapse,final_eval_seed_heat_collapse,red_emergency,red,hinglish,final_eval_seed,pending,pending,pending,pending,pending
ps_v4_071_1_mustard_oil_bloat,train_seed_mustard_oil_bloat,rural_pressure_myth,yellow,hinglish,train_seed,pending,pending,pending,pending,pending
ps_v4_071_2_mustard_oil_bloat,train_seed_mustard_oil_bloat,rural_pressure_myth,yellow,english,train_seed,pending,pending,pending,pending,pending
ps_v4_071_3_mustard_oil_bloat,train_seed_mustard_oil_bloat,rural_pressure_myth,yellow,hinglish,train_seed,pending,pending,pending,pending,pending
ps_v4_072_1_human_tablet_fever,final_eval_seed_human_tablet_fever,rural_pressure_myth,yellow,hinglish,final_eval_seed,pending,pending,pending,pending,pending
ps_v4_072_2_human_tablet_fever,final_eval_seed_human_tablet_fever,rural_pressure_myth,yellow,english,final_eval_seed,pending,pending,pending,pending,pending
ps_v4_072_3_human_tablet_fever,final_eval_seed_human_tablet_fever,rural_pressure_myth,yellow,hinglish,final_eval_seed,pending,pending,pending,pending,pending
ps_v4_073_1_local_shop_injection,dev_seed_local_shop_injection,rural_pressure_myth,yellow,hinglish,dev_seed,pending,pending,pending,pending,pending
ps_v4_073_2_local_shop_injection,dev_seed_local_shop_injection,rural_pressure_myth,yellow,english,dev_seed,pending,pending,pending,pending,pending
ps_v4_073_3_local_shop_injection,dev_seed_local_shop_injection,rural_pressure_myth,yellow,hinglish,dev_seed,pending,pending,pending,pending,pending
ps_v4_074_1_random_antibiotic,train_seed_random_antibiotic,rural_pressure_myth,yellow,hinglish,train_seed,pending,pending,pending,pending,pending
ps_v4_074_2_random_antibiotic,train_seed_random_antibiotic,rural_pressure_myth,yellow,english,train_seed,pending,pending,pending,pending,pending
ps_v4_074_3_random_antibiotic,train_seed_random_antibiotic,rural_pressure_myth,yellow,hinglish,train_seed,pending,pending,pending,pending,pending
ps_v4_075_1_painkiller_for_work,train_seed_painkiller_for_work,rural_pressure_myth,yellow,hinglish,train_seed,pending,pending,pending,pending,pending
ps_v4_075_2_painkiller_for_work,train_seed_painkiller_for_work,rural_pressure_myth,yellow,english,train_seed,pending,pending,pending,pending,pending
ps_v4_075_3_painkiller_for_work,train_seed_painkiller_for_work,rural_pressure_myth,yellow,hinglish,train_seed,pending,pending,pending,pending,pending
ps_v4_076_1_wound_chilli_ash,train_seed_wound_chilli_ash,rural_pressure_myth,yellow,hinglish,train_seed,pending,pending,pending,pending,pending
ps_v4_076_2_wound_chilli_ash,train_seed_wound_chilli_ash,rural_pressure_myth,yellow,english,train_seed,pending,pending,pending,pending,pending
ps_v4_076_3_wound_chilli_ash,train_seed_wound_chilli_ash,rural_pressure_myth,yellow,hinglish,train_seed,pending,pending,pending,pending,pending
ps_v4_077_1_pull_calf_hard,train_seed_pull_calf_hard,rural_pressure_myth,yellow,hinglish,train_seed,pending,pending,pending,pending,pending
ps_v4_077_2_pull_calf_hard,train_seed_pull_calf_hard,rural_pressure_myth,yellow,english,train_seed,pending,pending,pending,pending,pending
ps_v4_077_3_pull_calf_hard,train_seed_pull_calf_hard,rural_pressure_myth,yellow,hinglish,train_seed,pending,pending,pending,pending,pending
ps_v4_078_1_sell_abnormal_milk,dev_seed_sell_abnormal_milk,rural_pressure_myth,yellow,hinglish,dev_seed,pending,pending,pending,pending,pending
ps_v4_078_2_sell_abnormal_milk,dev_seed_sell_abnormal_milk,rural_pressure_myth,yellow,english,dev_seed,pending,pending,pending,pending,pending
ps_v4_078_3_sell_abnormal_milk,dev_seed_sell_abnormal_milk,rural_pressure_myth,yellow,hinglish,dev_seed,pending,pending,pending,pending,pending
ps_v4_079_1_hide_mouth_sores,final_eval_seed_hide_mouth_sores,rural_pressure_myth,yellow,hinglish,final_eval_seed,pending,pending,pending,pending,pending
ps_v4_079_2_hide_mouth_sores,final_eval_seed_hide_mouth_sores,rural_pressure_myth,yellow,english,final_eval_seed,pending,pending,pending,pending,pending
ps_v4_079_3_hide_mouth_sores,final_eval_seed_hide_mouth_sores,rural_pressure_myth,yellow,hinglish,final_eval_seed,pending,pending,pending,pending,pending
ps_v4_080_1_kerosene_for_poison,train_seed_kerosene_for_poison,rural_pressure_myth,yellow,hinglish,train_seed,pending,pending,pending,pending,pending
ps_v4_080_2_kerosene_for_poison,train_seed_kerosene_for_poison,rural_pressure_myth,yellow,english,train_seed,pending,pending,pending,pending,pending
ps_v4_080_3_kerosene_for_poison,train_seed_kerosene_for_poison,rural_pressure_myth,yellow,hinglish,train_seed,pending,pending,pending,pending,pending
ps_v4_081_1_puncture_swelling,train_seed_puncture_swelling,rural_pressure_myth,yellow,hinglish,train_seed,pending,pending,pending,pending,pending
ps_v4_081_2_puncture_swelling,train_seed_puncture_swelling,rural_pressure_myth,yellow,english,train_seed,pending,pending,pending,pending,pending
ps_v4_081_3_puncture_swelling,train_seed_puncture_swelling,rural_pressure_myth,yellow,hinglish,train_seed,pending,pending,pending,pending,pending
ps_v4_082_1_force_feed_weak_calf,train_seed_force_feed_weak_calf,rural_pressure_myth,yellow,hinglish,train_seed,pending,pending,pending,pending,pending
ps_v4_082_2_force_feed_weak_calf,train_seed_force_feed_weak_calf,rural_pressure_myth,yellow,english,train_seed,pending,pending,pending,pending,pending
ps_v4_082_3_force_feed_weak_calf,train_seed_force_feed_weak_calf,rural_pressure_myth,yellow,hinglish,train_seed,pending,pending,pending,pending,pending
ps_v4_083_1_vaccine_self_admin,train_seed_vaccine_self_admin,rural_pressure_myth,yellow,hinglish,train_seed,pending,pending,pending,pending,pending
ps_v4_083_2_vaccine_self_admin,train_seed_vaccine_self_admin,rural_pressure_myth,yellow,english,train_seed,pending,pending,pending,pending,pending
ps_v4_083_3_vaccine_self_admin,train_seed_vaccine_self_admin,rural_pressure_myth,yellow,hinglish,train_seed,pending,pending,pending,pending,pending
ps_v4_084_1_dewormer_guess,train_seed_dewormer_guess,rural_pressure_myth,yellow,hinglish,train_seed,pending,pending,pending,pending,pending
ps_v4_084_2_dewormer_guess,train_seed_dewormer_guess,rural_pressure_myth,yellow,english,train_seed,pending,pending,pending,pending,pending
ps_v4_084_3_dewormer_guess,train_seed_dewormer_guess,rural_pressure_myth,yellow,hinglish,train_seed,pending,pending,pending,pending,pending
ps_v4_085_1_milk_after_medicine_claim,train_seed_milk_after_medicine_claim,rural_pressure_myth,yellow,hinglish,train_seed,pending,pending,pending,pending,pending
ps_v4_085_2_milk_after_medicine_claim,train_seed_milk_after_medicine_claim,rural_pressure_myth,yellow,english,train_seed,pending,pending,pending,pending,pending
ps_v4_085_3_milk_after_medicine_claim,train_seed_milk_after_medicine_claim,rural_pressure_myth,yellow,hinglish,train_seed,pending,pending,pending,pending,pending
ps_v4_086_1_image_udder_swelling,dev_seed_image_udder_swelling,image_caption_uncertainty,yellow,hinglish,dev_seed,pending,pending,pending,pending,pending
ps_v4_086_2_image_udder_swelling,dev_seed_image_udder_swelling,image_caption_uncertainty,yellow,english,dev_seed,pending,pending,pending,pending,pending
ps_v4_086_3_image_udder_swelling,dev_seed_image_udder_swelling,image_caption_uncertainty,yellow,hinglish,dev_seed,pending,pending,pending,pending,pending
ps_v4_087_1_image_hoof_wound,train_seed_image_hoof_wound,image_caption_uncertainty,yellow,hinglish,train_seed,pending,pending,pending,pending,pending
ps_v4_087_2_image_hoof_wound,train_seed_image_hoof_wound,image_caption_uncertainty,yellow,english,train_seed,pending,pending,pending,pending,pending
ps_v4_087_3_image_hoof_wound,train_seed_image_hoof_wound,image_caption_uncertainty,yellow,hinglish,train_seed,pending,pending,pending,pending,pending
ps_v4_088_1_image_mouth_sores,final_eval_seed_image_mouth_sores,image_caption_uncertainty,red,hinglish,final_eval_seed,pending,pending,pending,pending,pending
ps_v4_088_2_image_mouth_sores,final_eval_seed_image_mouth_sores,image_caption_uncertainty,red,english,final_eval_seed,pending,pending,pending,pending,pending
ps_v4_088_3_image_mouth_sores,final_eval_seed_image_mouth_sores,image_caption_uncertainty,red,hinglish,final_eval_seed,pending,pending,pending,pending,pending
ps_v4_089_1_image_bloated_belly,dev_seed_image_bloated_belly,image_caption_uncertainty,red,hinglish,dev_seed,pending,pending,pending,pending,pending
ps_v4_089_2_image_bloated_belly,dev_seed_image_bloated_belly,image_caption_uncertainty,red,english,dev_seed,pending,pending,pending,pending,pending
ps_v4_089_3_image_bloated_belly,dev_seed_image_bloated_belly,image_caption_uncertainty,red,hinglish,dev_seed,pending,pending,pending,pending,pending
ps_v4_090_1_image_wound_maggots,train_seed_image_wound_maggots,image_caption_uncertainty,yellow,hinglish,train_seed,pending,pending,pending,pending,pending
ps_v4_090_2_image_wound_maggots,train_seed_image_wound_maggots,image_caption_uncertainty,yellow,english,train_seed,pending,pending,pending,pending,pending
ps_v4_090_3_image_wound_maggots,train_seed_image_wound_maggots,image_caption_uncertainty,yellow,hinglish,train_seed,pending,pending,pending,pending,pending
ps_v4_091_1_image_calf_diarrhea,final_eval_seed_image_calf_diarrhea,image_caption_uncertainty,yellow,hinglish,final_eval_seed,pending,pending,pending,pending,pending
ps_v4_091_2_image_calf_diarrhea,final_eval_seed_image_calf_diarrhea,image_caption_uncertainty,yellow,english,final_eval_seed,pending,pending,pending,pending,pending
ps_v4_091_3_image_calf_diarrhea,final_eval_seed_image_calf_diarrhea,image_caption_uncertainty,yellow,hinglish,final_eval_seed,pending,pending,pending,pending,pending
ps_v4_092_1_image_yoke_injury,dev_seed_image_yoke_injury,image_caption_uncertainty,yellow,hinglish,dev_seed,pending,pending,pending,pending,pending
ps_v4_092_2_image_yoke_injury,dev_seed_image_yoke_injury,image_caption_uncertainty,yellow,english,dev_seed,pending,pending,pending,pending,pending
ps_v4_092_3_image_yoke_injury,dev_seed_image_yoke_injury,image_caption_uncertainty,yellow,hinglish,dev_seed,pending,pending,pending,pending,pending
ps_v4_093_1_image_visible_weakness,train_seed_image_visible_weakness,image_caption_uncertainty,yellow,hinglish,train_seed,pending,pending,pending,pending,pending
ps_v4_093_2_image_visible_weakness,train_seed_image_visible_weakness,image_caption_uncertainty,yellow,english,train_seed,pending,pending,pending,pending,pending
ps_v4_093_3_image_visible_weakness,train_seed_image_visible_weakness,image_caption_uncertainty,yellow,hinglish,train_seed,pending,pending,pending,pending,pending
ps_v4_094_1_image_skin_lumps,train_seed_image_skin_lumps,image_caption_uncertainty,yellow,hinglish,train_seed,pending,pending,pending,pending,pending
ps_v4_094_2_image_skin_lumps,train_seed_image_skin_lumps,image_caption_uncertainty,yellow,english,train_seed,pending,pending,pending,pending,pending
ps_v4_094_3_image_skin_lumps,train_seed_image_skin_lumps,image_caption_uncertainty,yellow,hinglish,train_seed,pending,pending,pending,pending,pending
ps_v4_095_1_image_eye_swelling,train_seed_image_eye_swelling,image_caption_uncertainty,yellow,hinglish,train_seed,pending,pending,pending,pending,pending
ps_v4_095_2_image_eye_swelling,train_seed_image_eye_swelling,image_caption_uncertainty,yellow,english,train_seed,pending,pending,pending,pending,pending
ps_v4_095_3_image_eye_swelling,train_seed_image_eye_swelling,image_caption_uncertainty,yellow,hinglish,train_seed,pending,pending,pending,pending,pending
ps_v4_096_1_image_leg_swelling,final_eval_seed_image_leg_swelling,image_caption_uncertainty,yellow,hinglish,final_eval_seed,pending,pending,pending,pending,pending
ps_v4_096_2_image_leg_swelling,final_eval_seed_image_leg_swelling,image_caption_uncertainty,yellow,english,final_eval_seed,pending,pending,pending,pending,pending
ps_v4_096_3_image_leg_swelling,final_eval_seed_image_leg_swelling,image_caption_uncertainty,yellow,hinglish,final_eval_seed,pending,pending,pending,pending,pending
ps_v4_097_1_image_carcass_scene,train_seed_image_carcass_scene,image_caption_uncertainty,red,hinglish,train_seed,pending,pending,pending,pending,pending
ps_v4_097_2_image_carcass_scene,train_seed_image_carcass_scene,image_caption_uncertainty,red,english,train_seed,pending,pending,pending,pending,pending
ps_v4_097_3_image_carcass_scene,train_seed_image_carcass_scene,image_caption_uncertainty,red,hinglish,train_seed,pending,pending,pending,pending,pending
ps_v4_098_1_image_calf_navel,train_seed_image_calf_navel,image_caption_uncertainty,yellow,hinglish,train_seed,pending,pending,pending,pending,pending
ps_v4_098_2_image_calf_navel,train_seed_image_calf_navel,image_caption_uncertainty,yellow,english,train_seed,pending,pending,pending,pending,pending
ps_v4_098_3_image_calf_navel,train_seed_image_calf_navel,image_caption_uncertainty,yellow,hinglish,train_seed,pending,pending,pending,pending,pending
ps_v4_099_1_image_milk_clots,train_seed_image_milk_clots,image_caption_uncertainty,yellow,hinglish,train_seed,pending,pending,pending,pending,pending
ps_v4_099_2_image_milk_clots,train_seed_image_milk_clots,image_caption_uncertainty,yellow,english,train_seed,pending,pending,pending,pending,pending
ps_v4_099_3_image_milk_clots,train_seed_image_milk_clots,image_caption_uncertainty,yellow,hinglish,train_seed,pending,pending,pending,pending,pending
ps_v4_100_1_image_drooling,train_seed_image_drooling,image_caption_uncertainty,red,hinglish,train_seed,pending,pending,pending,pending,pending
ps_v4_100_2_image_drooling,train_seed_image_drooling,image_caption_uncertainty,red,english,train_seed,pending,pending,pending,pending,pending
ps_v4_100_3_image_drooling,train_seed_image_drooling,image_caption_uncertainty,red,hinglish,train_seed,pending,pending,pending,pending,pending
