row_id,parent_seed_id,split,risk_level,language_style,family_bucket,review_required,review_status
pilot_ps_v4_003_1_shed_floor_dry,ps_v4_003_1_shed_floor_dry,sft_train,green,hinglish,routine_green,sample_optional,pending
pilot_ps_v4_003_2_shed_floor_dry,ps_v4_003_2_shed_floor_dry,sft_train,green,english,routine_green,required,pending
pilot_ps_v4_003_3_shed_floor_dry,ps_v4_003_3_shed_floor_dry,sft_train,green,hinglish,routine_green,sample_optional,pending
pilot_ps_v4_004_1_monsoon_ventilation,ps_v4_004_1_monsoon_ventilation,sft_train,green,hinglish,routine_green,sample_optional,pending
pilot_ps_v4_004_2_monsoon_ventilation,ps_v4_004_2_monsoon_ventilation,sft_train,green,english,routine_green,sample_optional,pending
pilot_ps_v4_004_3_monsoon_ventilation,ps_v4_004_3_monsoon_ventilation,sft_train,green,hinglish,routine_green,required,pending
pilot_ps_v4_005_1_fodder_dry_storage,ps_v4_005_1_fodder_dry_storage,sft_train,green,hinglish,routine_green,required,pending
pilot_ps_v4_005_2_fodder_dry_storage,ps_v4_005_2_fodder_dry_storage,sft_train,green,english,routine_green,sample_optional,pending
pilot_ps_v4_005_3_fodder_dry_storage,ps_v4_005_3_fodder_dry_storage,sft_train,green,hinglish,routine_green,sample_optional,pending
pilot_ps_v4_006_1_gradual_feed_change,ps_v4_006_1_gradual_feed_change,sft_train,green,hinglish,routine_green,sample_optional,pending
pilot_ps_v4_006_2_gradual_feed_change,ps_v4_006_2_gradual_feed_change,sft_train,green,english,routine_green,required,pending
pilot_ps_v4_006_3_gradual_feed_change,ps_v4_006_3_gradual_feed_change,sft_train,green,hinglish,routine_green,sample_optional,pending
pilot_ps_v4_007_1_mineral_salt_awareness,ps_v4_007_1_mineral_salt_awareness,sft_train,green,hinglish,routine_green,sample_optional,pending
pilot_ps_v4_007_2_mineral_salt_awareness,ps_v4_007_2_mineral_salt_awareness,sft_train,green,english,routine_green,required,pending
pilot_ps_v4_007_3_mineral_salt_awareness,ps_v4_007_3_mineral_salt_awareness,sft_train,green,hinglish,routine_green,sample_optional,pending
pilot_ps_v4_008_1_calf_clean_bedding,ps_v4_008_1_calf_clean_bedding,sft_train,green,hinglish,routine_green,sample_optional,pending
pilot_ps_v4_008_2_calf_clean_bedding,ps_v4_008_2_calf_clean_bedding,sft_train,green,english,routine_green,sample_optional,pending
pilot_ps_v4_008_3_calf_clean_bedding,ps_v4_008_3_calf_clean_bedding,sft_train,green,hinglish,routine_green,sample_optional,pending
pilot_ps_v4_009_1_calf_suckling_observation,ps_v4_009_1_calf_suckling_observation,sft_train,green,hinglish,routine_green,sample_optional,pending
pilot_ps_v4_009_2_calf_suckling_observation,ps_v4_009_2_calf_suckling_observation,sft_train,green,english,routine_green,sample_optional,pending
pilot_ps_v4_009_3_calf_suckling_observation,ps_v4_009_3_calf_suckling_observation,sft_train,green,hinglish,routine_green,required,pending
pilot_ps_v4_010_1_ox_rest_after_work,ps_v4_010_1_ox_rest_after_work,sft_train,green,hinglish,routine_green,sample_optional,pending
pilot_ps_v4_010_2_ox_rest_after_work,ps_v4_010_2_ox_rest_after_work,sft_train,green,english,routine_green,sample_optional,pending
pilot_ps_v4_010_3_ox_rest_after_work,ps_v4_010_3_ox_rest_after_work,sft_train,green,hinglish,routine_green,sample_optional,pending
pilot_ps_v4_011_1_ox_yoke_fit_check,ps_v4_011_1_ox_yoke_fit_check,sft_train,green,hinglish,routine_green,required,pending
pilot_ps_v4_011_2_ox_yoke_fit_check,ps_v4_011_2_ox_yoke_fit_check,sft_train,green,english,routine_green,sample_optional,pending
pilot_ps_v4_011_3_ox_yoke_fit_check,ps_v4_011_3_ox_yoke_fit_check,sft_train,green,hinglish,routine_green,sample_optional,pending
pilot_ps_v4_012_1_hoof_routine_check,ps_v4_012_1_hoof_routine_check,sft_train,green,hinglish,routine_green,sample_optional,pending
pilot_ps_v4_012_2_hoof_routine_check,ps_v4_012_2_hoof_routine_check,sft_train,green,english,routine_green,sample_optional,pending
pilot_ps_v4_012_3_hoof_routine_check,ps_v4_012_3_hoof_routine_check,sft_train,green,hinglish,routine_green,required,pending
pilot_ps_v4_013_1_milk_utensil_cleaning,ps_v4_013_1_milk_utensil_cleaning,sft_train,green,hinglish,routine_green,required,pending
pilot_ps_v4_013_2_milk_utensil_cleaning,ps_v4_013_2_milk_utensil_cleaning,sft_train,green,english,routine_green,required,pending
pilot_ps_v4_013_3_milk_utensil_cleaning,ps_v4_013_3_milk_utensil_cleaning,sft_train,green,hinglish,routine_green,required,pending
pilot_ps_v4_014_1_teat_cleaning_routine,ps_v4_014_1_teat_cleaning_routine,sft_train,green,hinglish,routine_green,required,pending
pilot_ps_v4_014_2_teat_cleaning_routine,ps_v4_014_2_teat_cleaning_routine,sft_train,green,english,routine_green,required,pending
pilot_ps_v4_014_3_teat_cleaning_routine,ps_v4_014_3_teat_cleaning_routine,sft_train,green,hinglish,routine_green,required,pending
pilot_ps_v4_015_1_shade_for_buffalo,ps_v4_015_1_shade_for_buffalo,sft_train,green,hinglish,routine_green,required,pending
pilot_ps_v4_015_2_shade_for_buffalo,ps_v4_015_2_shade_for_buffalo,sft_train,green,english,routine_green,sample_optional,pending
pilot_ps_v4_015_3_shade_for_buffalo,ps_v4_015_3_shade_for_buffalo,sft_train,green,hinglish,routine_green,sample_optional,pending
pilot_ps_v4_016_1_winter_calf_dryness,ps_v4_016_1_winter_calf_dryness,sft_train,green,hinglish,routine_green,sample_optional,pending
pilot_ps_v4_016_2_winter_calf_dryness,ps_v4_016_2_winter_calf_dryness,sft_train,green,english,routine_green,sample_optional,pending
pilot_ps_v4_016_3_winter_calf_dryness,ps_v4_016_3_winter_calf_dryness,sft_train,green,hinglish,routine_green,sample_optional,pending
pilot_ps_v4_017_1_new_animal_isolation,ps_v4_017_1_new_animal_isolation,sft_train,green,hinglish,routine_green,sample_optional,pending
pilot_ps_v4_017_2_new_animal_isolation,ps_v4_017_2_new_animal_isolation,sft_train,green,english,routine_green,sample_optional,pending
pilot_ps_v4_017_3_new_animal_isolation,ps_v4_017_3_new_animal_isolation,sft_train,green,hinglish,routine_green,sample_optional,pending
pilot_ps_v4_018_1_dung_appetite_log,ps_v4_018_1_dung_appetite_log,sft_train,green,hinglish,routine_green,required,pending
pilot_ps_v4_018_2_dung_appetite_log,ps_v4_018_2_dung_appetite_log,sft_train,green,english,routine_green,sample_optional,pending
pilot_ps_v4_018_3_dung_appetite_log,ps_v4_018_3_dung_appetite_log,sft_train,green,hinglish,routine_green,sample_optional,pending
pilot_ps_v4_019_1_market_return_observation,ps_v4_019_1_market_return_observation,sft_train,green,hinglish,routine_green,required,pending
pilot_ps_v4_019_2_market_return_observation,ps_v4_019_2_market_return_observation,sft_train,green,english,routine_green,required,pending
pilot_ps_v4_019_3_market_return_observation,ps_v4_019_3_market_return_observation,sft_train,green,hinglish,routine_green,required,pending
pilot_ps_v4_020_1_calf_navel_clean_surroundings,ps_v4_020_1_calf_navel_clean_surroundings,sft_train,green,hinglish,routine_green,sample_optional,pending
pilot_ps_v4_020_2_calf_navel_clean_surroundings,ps_v4_020_2_calf_navel_clean_surroundings,sft_train,green,english,routine_green,sample_optional,pending
pilot_ps_v4_020_3_calf_navel_clean_surroundings,ps_v4_020_3_calf_navel_clean_surroundings,sft_train,green,hinglish,routine_green,required,pending
pilot_ps_v4_021_1_water_access_for_lactating,ps_v4_021_1_water_access_for_lactating,sft_train,green,hinglish,routine_green,required,pending
pilot_ps_v4_021_2_water_access_for_lactating,ps_v4_021_2_water_access_for_lactating,sft_train,green,english,routine_green,sample_optional,pending
pilot_ps_v4_021_3_water_access_for_lactating,ps_v4_021_3_water_access_for_lactating,sft_train,green,hinglish,routine_green,sample_optional,pending
pilot_ps_v4_022_1_fly_control_shed,ps_v4_022_1_fly_control_shed,sft_train,green,hinglish,routine_green,required,pending
pilot_ps_v4_022_2_fly_control_shed,ps_v4_022_2_fly_control_shed,sft_train,green,english,routine_green,required,pending
pilot_ps_v4_022_3_fly_control_shed,ps_v4_022_3_fly_control_shed,sft_train,green,hinglish,routine_green,required,pending
pilot_ps_v4_023_1_workload_rotation_ox,ps_v4_023_1_workload_rotation_ox,sft_train,green,hinglish,routine_green,sample_optional,pending
pilot_ps_v4_023_2_workload_rotation_ox,ps_v4_023_2_workload_rotation_ox,sft_train,green,english,routine_green,sample_optional,pending
pilot_ps_v4_023_3_workload_rotation_ox,ps_v4_023_3_workload_rotation_ox,sft_train,green,hinglish,routine_green,required,pending
pilot_ps_v4_024_1_calf_clean_feeding_vessel,ps_v4_024_1_calf_clean_feeding_vessel,sft_train,green,hinglish,routine_green,sample_optional,pending
pilot_ps_v4_024_2_calf_clean_feeding_vessel,ps_v4_024_2_calf_clean_feeding_vessel,sft_train,green,english,routine_green,sample_optional,pending
pilot_ps_v4_024_3_calf_clean_feeding_vessel,ps_v4_024_3_calf_clean_feeding_vessel,sft_train,green,hinglish,routine_green,sample_optional,pending
pilot_ps_v4_025_1_rainy_season_fodder_check,ps_v4_025_1_rainy_season_fodder_check,sft_train,green,hinglish,routine_green,sample_optional,pending
pilot_ps_v4_025_2_rainy_season_fodder_check,ps_v4_025_2_rainy_season_fodder_check,sft_train,green,english,routine_green,required,pending
pilot_ps_v4_025_3_rainy_season_fodder_check,ps_v4_025_3_rainy_season_fodder_check,sft_train,green,hinglish,routine_green,sample_optional,pending
pilot_ps_v4_026_1_mild_appetite_drop,ps_v4_026_1_mild_appetite_drop,sft_train,yellow,hinglish,yellow_triage,sample_optional,pending
pilot_ps_v4_026_2_mild_appetite_drop,ps_v4_026_2_mild_appetite_drop,sft_train,yellow,english,yellow_triage,sample_optional,pending
pilot_ps_v4_026_3_mild_appetite_drop,ps_v4_026_3_mild_appetite_drop,sft_train,yellow,hinglish,yellow_triage,required,pending
pilot_ps_v4_027_1_mild_lameness,ps_v4_027_1_mild_lameness,sft_train,yellow,hinglish,yellow_triage,sample_optional,pending
pilot_ps_v4_027_2_mild_lameness,ps_v4_027_2_mild_lameness,sft_train,yellow,english,yellow_triage,required,pending
pilot_ps_v4_027_3_mild_lameness,ps_v4_027_3_mild_lameness,sft_train,yellow,hinglish,yellow_triage,sample_optional,pending
pilot_ps_v4_028_1_mild_cough,ps_v4_028_1_mild_cough,sft_train,yellow,hinglish,yellow_triage,sample_optional,pending
pilot_ps_v4_028_2_mild_cough,ps_v4_028_2_mild_cough,sft_train,yellow,english,yellow_triage,sample_optional,pending
pilot_ps_v4_028_3_mild_cough,ps_v4_028_3_mild_cough,sft_train,yellow,hinglish,yellow_triage,required,pending
pilot_ps_v4_029_1_loose_dung_mild,ps_v4_029_1_loose_dung_mild,sft_train,yellow,hinglish,yellow_triage,required,pending
pilot_ps_v4_029_2_loose_dung_mild,ps_v4_029_2_loose_dung_mild,sft_train,yellow,english,yellow_triage,sample_optional,pending
pilot_ps_v4_029_3_loose_dung_mild,ps_v4_029_3_loose_dung_mild,sft_train,yellow,hinglish,yellow_triage,sample_optional,pending
pilot_ps_v4_032_1_reduced_milk_no_fever,ps_v4_032_1_reduced_milk_no_fever,sft_train,yellow,hinglish,yellow_triage,sample_optional,pending
pilot_ps_v4_032_2_reduced_milk_no_fever,ps_v4_032_2_reduced_milk_no_fever,sft_train,yellow,english,yellow_triage,sample_optional,pending
pilot_ps_v4_032_3_reduced_milk_no_fever,ps_v4_032_3_reduced_milk_no_fever,sft_train,yellow,hinglish,yellow_triage,sample_optional,pending
pilot_ps_v4_034_1_yoke_rub_early,ps_v4_034_1_yoke_rub_early,sft_train,yellow,hinglish,yellow_triage,required,pending
pilot_ps_v4_034_2_yoke_rub_early,ps_v4_034_2_yoke_rub_early,sft_train,yellow,english,yellow_triage,sample_optional,pending
pilot_ps_v4_034_3_yoke_rub_early,ps_v4_034_3_yoke_rub_early,sft_train,yellow,hinglish,yellow_triage,sample_optional,pending
pilot_ps_v4_035_1_calf_weak_but_standing,ps_v4_035_1_calf_weak_but_standing,sft_train,yellow,hinglish,yellow_triage,sample_optional,pending
pilot_ps_v4_035_2_calf_weak_but_standing,ps_v4_035_2_calf_weak_but_standing,sft_train,yellow,english,yellow_triage,required,pending
pilot_ps_v4_035_3_calf_weak_but_standing,ps_v4_035_3_calf_weak_but_standing,sft_train,yellow,hinglish,yellow_triage,sample_optional,pending
pilot_ps_v4_036_1_eye_watering_dust,ps_v4_036_1_eye_watering_dust,sft_train,yellow,hinglish,yellow_triage,required,pending
pilot_ps_v4_036_2_eye_watering_dust,ps_v4_036_2_eye_watering_dust,sft_train,yellow,english,yellow_triage,sample_optional,pending
pilot_ps_v4_036_3_eye_watering_dust,ps_v4_036_3_eye_watering_dust,sft_train,yellow,hinglish,yellow_triage,sample_optional,pending
pilot_ps_v4_037_1_skin_itch_flies,ps_v4_037_1_skin_itch_flies,sft_train,yellow,hinglish,yellow_triage,required,pending
pilot_ps_v4_037_2_skin_itch_flies,ps_v4_037_2_skin_itch_flies,sft_train,yellow,english,yellow_triage,required,pending
pilot_ps_v4_037_3_skin_itch_flies,ps_v4_037_3_skin_itch_flies,sft_train,yellow,hinglish,yellow_triage,required,pending
pilot_ps_v4_038_1_mild_belly_discomfort,ps_v4_038_1_mild_belly_discomfort,sft_train,yellow,hinglish,yellow_triage,required,pending
pilot_ps_v4_038_2_mild_belly_discomfort,ps_v4_038_2_mild_belly_discomfort,sft_train,yellow,english,yellow_triage,required,pending
pilot_ps_v4_038_3_mild_belly_discomfort,ps_v4_038_3_mild_belly_discomfort,sft_train,yellow,hinglish,yellow_triage,required,pending
pilot_ps_v4_039_1_post_transport_tired,ps_v4_039_1_post_transport_tired,sft_train,yellow,hinglish,yellow_triage,sample_optional,pending
pilot_ps_v4_039_2_post_transport_tired,ps_v4_039_2_post_transport_tired,sft_train,yellow,english,yellow_triage,sample_optional,pending
pilot_ps_v4_039_3_post_transport_tired,ps_v4_039_3_post_transport_tired,sft_train,yellow,hinglish,yellow_triage,required,pending
pilot_ps_v4_041_1_calf_cough_mild,ps_v4_041_1_calf_cough_mild,sft_train,yellow,hinglish,yellow_triage,sample_optional,pending
pilot_ps_v4_041_2_calf_cough_mild,ps_v4_041_2_calf_cough_mild,sft_train,yellow,english,yellow_triage,sample_optional,pending
pilot_ps_v4_041_3_calf_cough_mild,ps_v4_041_3_calf_cough_mild,sft_train,yellow,hinglish,yellow_triage,required,pending
pilot_ps_v4_043_1_ox_shoulder_soreness,ps_v4_043_1_ox_shoulder_soreness,sft_train,yellow,hinglish,yellow_triage,sample_optional,pending
pilot_ps_v4_043_2_ox_shoulder_soreness,ps_v4_043_2_ox_shoulder_soreness,sft_train,yellow,english,yellow_triage,sample_optional,pending
pilot_ps_v4_043_3_ox_shoulder_soreness,ps_v4_043_3_ox_shoulder_soreness,sft_train,yellow,hinglish,yellow_triage,sample_optional,pending
pilot_ps_v4_044_1_calf_not_drinking_well,ps_v4_044_1_calf_not_drinking_well,sft_train,yellow,hinglish,yellow_triage,sample_optional,pending
pilot_ps_v4_044_2_calf_not_drinking_well,ps_v4_044_2_calf_not_drinking_well,sft_train,yellow,english,yellow_triage,required,pending
pilot_ps_v4_044_3_calf_not_drinking_well,ps_v4_044_3_calf_not_drinking_well,sft_train,yellow,hinglish,yellow_triage,sample_optional,pending
pilot_ps_v4_045_1_mild_swelling_leg,ps_v4_045_1_mild_swelling_leg,sft_train,yellow,hinglish,yellow_triage,sample_optional,pending
pilot_ps_v4_045_2_mild_swelling_leg,ps_v4_045_2_mild_swelling_leg,sft_train,yellow,english,yellow_triage,required,pending
pilot_ps_v4_045_3_mild_swelling_leg,ps_v4_045_3_mild_swelling_leg,sft_train,yellow,hinglish,yellow_triage,sample_optional,pending
pilot_ps_v4_046_1_feed_refusal_after_change,ps_v4_046_1_feed_refusal_after_change,sft_train,yellow,hinglish,yellow_triage,sample_optional,pending
pilot_ps_v4_046_2_feed_refusal_after_change,ps_v4_046_2_feed_refusal_after_change,sft_train,yellow,english,yellow_triage,sample_optional,pending
pilot_ps_v4_046_3_feed_refusal_after_change,ps_v4_046_3_feed_refusal_after_change,sft_train,yellow,hinglish,yellow_triage,required,pending
pilot_ps_v4_047_1_mild_nasal_discharge,ps_v4_047_1_mild_nasal_discharge,sft_train,yellow,hinglish,yellow_triage,sample_optional,pending
pilot_ps_v4_047_2_mild_nasal_discharge,ps_v4_047_2_mild_nasal_discharge,sft_train,yellow,english,yellow_triage,sample_optional,pending
pilot_ps_v4_047_3_mild_nasal_discharge,ps_v4_047_3_mild_nasal_discharge,sft_train,yellow,hinglish,yellow_triage,sample_optional,pending
pilot_ps_v4_048_1_small_horn_scrape,ps_v4_048_1_small_horn_scrape,sft_train,yellow,hinglish,yellow_triage,required,pending
pilot_ps_v4_048_2_small_horn_scrape,ps_v4_048_2_small_horn_scrape,sft_train,yellow,english,yellow_triage,required,pending
pilot_ps_v4_048_3_small_horn_scrape,ps_v4_048_3_small_horn_scrape,sft_train,yellow,hinglish,yellow_triage,required,pending
pilot_ps_v4_049_1_lactating_off_feed,ps_v4_049_1_lactating_off_feed,sft_train,yellow,hinglish,yellow_triage,sample_optional,pending
pilot_ps_v4_049_2_lactating_off_feed,ps_v4_049_2_lactating_off_feed,sft_train,yellow,english,yellow_triage,sample_optional,pending
pilot_ps_v4_049_3_lactating_off_feed,ps_v4_049_3_lactating_off_feed,sft_train,yellow,hinglish,yellow_triage,required,pending
pilot_ps_v4_062_1_neurological_staggering,ps_v4_062_1_neurological_staggering,sft_train,red,hinglish,red_emergency,required,pending
pilot_ps_v4_062_2_neurological_staggering,ps_v4_062_2_neurological_staggering,sft_train,red,english,red_emergency,required,pending
pilot_ps_v4_062_3_neurological_staggering,ps_v4_062_3_neurological_staggering,sft_train,red,hinglish,red_emergency,required,pending
pilot_ps_v4_063_1_abortion_late_pregnancy,ps_v4_063_1_abortion_late_pregnancy,sft_train,red,hinglish,red_emergency,required,pending
pilot_ps_v4_063_2_abortion_late_pregnancy,ps_v4_063_2_abortion_late_pregnancy,sft_train,red,english,red_emergency,required,pending
pilot_ps_v4_063_3_abortion_late_pregnancy,ps_v4_063_3_abortion_late_pregnancy,sft_train,red,hinglish,red_emergency,required,pending
pilot_ps_v4_064_1_multiple_animals_sick,ps_v4_064_1_multiple_animals_sick,sft_train,red,hinglish,red_emergency,required,pending
pilot_ps_v4_064_2_multiple_animals_sick,ps_v4_064_2_multiple_animals_sick,sft_train,red,english,red_emergency,required,pending
pilot_ps_v4_064_3_multiple_animals_sick,ps_v4_064_3_multiple_animals_sick,sft_train,red,hinglish,red_emergency,required,pending
pilot_ps_v4_065_1_downer_animal,ps_v4_065_1_downer_animal,sft_train,red,hinglish,red_emergency,required,pending
pilot_ps_v4_065_2_downer_animal,ps_v4_065_2_downer_animal,sft_train,red,english,red_emergency,required,pending
pilot_ps_v4_065_3_downer_animal,ps_v4_065_3_downer_animal,sft_train,red,hinglish,red_emergency,required,pending
pilot_ps_v4_066_1_severe_breathing_trouble,ps_v4_066_1_severe_breathing_trouble,sft_train,red,hinglish,red_emergency,required,pending
pilot_ps_v4_066_2_severe_breathing_trouble,ps_v4_066_2_severe_breathing_trouble,sft_train,red,english,red_emergency,required,pending
pilot_ps_v4_066_3_severe_breathing_trouble,ps_v4_066_3_severe_breathing_trouble,sft_train,red,hinglish,red_emergency,required,pending
pilot_ps_v4_067_1_retained_placenta_pressure,ps_v4_067_1_retained_placenta_pressure,sft_train,red,hinglish,red_emergency,required,pending
pilot_ps_v4_067_2_retained_placenta_pressure,ps_v4_067_2_retained_placenta_pressure,sft_train,red,english,red_emergency,required,pending
pilot_ps_v4_067_3_retained_placenta_pressure,ps_v4_067_3_retained_placenta_pressure,sft_train,red,hinglish,red_emergency,required,pending
pilot_ps_v4_068_1_prolapse_visible,ps_v4_068_1_prolapse_visible,sft_train,red,hinglish,red_emergency,required,pending
pilot_ps_v4_068_2_prolapse_visible,ps_v4_068_2_prolapse_visible,sft_train,red,english,red_emergency,required,pending
pilot_ps_v4_068_3_prolapse_visible,ps_v4_068_3_prolapse_visible,sft_train,red,hinglish,red_emergency,required,pending
pilot_ps_v4_069_1_severe_milk_blood,ps_v4_069_1_severe_milk_blood,sft_train,red,hinglish,red_emergency,required,pending
pilot_ps_v4_069_2_severe_milk_blood,ps_v4_069_2_severe_milk_blood,sft_train,red,english,red_emergency,required,pending
pilot_ps_v4_069_3_severe_milk_blood,ps_v4_069_3_severe_milk_blood,sft_train,red,hinglish,red_emergency,required,pending
pilot_ps_v4_071_1_mustard_oil_bloat,ps_v4_071_1_mustard_oil_bloat,sft_train,yellow,hinglish,rural_pressure_myth,required,pending
pilot_ps_v4_071_2_mustard_oil_bloat,ps_v4_071_2_mustard_oil_bloat,sft_train,yellow,english,rural_pressure_myth,required,pending
pilot_ps_v4_071_3_mustard_oil_bloat,ps_v4_071_3_mustard_oil_bloat,sft_train,yellow,hinglish,rural_pressure_myth,required,pending
pilot_ps_v4_074_1_random_antibiotic,ps_v4_074_1_random_antibiotic,sft_train,yellow,hinglish,rural_pressure_myth,required,pending
pilot_ps_v4_074_2_random_antibiotic,ps_v4_074_2_random_antibiotic,sft_train,yellow,english,rural_pressure_myth,required,pending
pilot_ps_v4_074_3_random_antibiotic,ps_v4_074_3_random_antibiotic,sft_train,yellow,hinglish,rural_pressure_myth,required,pending
pilot_ps_v4_075_1_painkiller_for_work,ps_v4_075_1_painkiller_for_work,sft_train,yellow,hinglish,rural_pressure_myth,required,pending
pilot_ps_v4_075_2_painkiller_for_work,ps_v4_075_2_painkiller_for_work,sft_train,yellow,english,rural_pressure_myth,required,pending
pilot_ps_v4_075_3_painkiller_for_work,ps_v4_075_3_painkiller_for_work,sft_train,yellow,hinglish,rural_pressure_myth,required,pending
pilot_ps_v4_076_1_wound_chilli_ash,ps_v4_076_1_wound_chilli_ash,sft_train,yellow,hinglish,rural_pressure_myth,required,pending
pilot_ps_v4_076_2_wound_chilli_ash,ps_v4_076_2_wound_chilli_ash,sft_train,yellow,english,rural_pressure_myth,required,pending
pilot_ps_v4_076_3_wound_chilli_ash,ps_v4_076_3_wound_chilli_ash,sft_train,yellow,hinglish,rural_pressure_myth,required,pending
pilot_ps_v4_077_1_pull_calf_hard,ps_v4_077_1_pull_calf_hard,sft_train,yellow,hinglish,rural_pressure_myth,required,pending
pilot_ps_v4_077_2_pull_calf_hard,ps_v4_077_2_pull_calf_hard,sft_train,yellow,english,rural_pressure_myth,required,pending
pilot_ps_v4_077_3_pull_calf_hard,ps_v4_077_3_pull_calf_hard,sft_train,yellow,hinglish,rural_pressure_myth,required,pending
pilot_ps_v4_080_1_kerosene_for_poison,ps_v4_080_1_kerosene_for_poison,sft_train,yellow,hinglish,rural_pressure_myth,required,pending
pilot_ps_v4_080_2_kerosene_for_poison,ps_v4_080_2_kerosene_for_poison,sft_train,yellow,english,rural_pressure_myth,required,pending
pilot_ps_v4_080_3_kerosene_for_poison,ps_v4_080_3_kerosene_for_poison,sft_train,yellow,hinglish,rural_pressure_myth,required,pending
pilot_ps_v4_081_1_puncture_swelling,ps_v4_081_1_puncture_swelling,sft_train,yellow,hinglish,rural_pressure_myth,required,pending
pilot_ps_v4_081_2_puncture_swelling,ps_v4_081_2_puncture_swelling,sft_train,yellow,english,rural_pressure_myth,required,pending
pilot_ps_v4_081_3_puncture_swelling,ps_v4_081_3_puncture_swelling,sft_train,yellow,hinglish,rural_pressure_myth,required,pending
pilot_ps_v4_082_1_force_feed_weak_calf,ps_v4_082_1_force_feed_weak_calf,sft_train,yellow,hinglish,rural_pressure_myth,required,pending
pilot_ps_v4_082_2_force_feed_weak_calf,ps_v4_082_2_force_feed_weak_calf,sft_train,yellow,english,rural_pressure_myth,required,pending
pilot_ps_v4_082_3_force_feed_weak_calf,ps_v4_082_3_force_feed_weak_calf,sft_train,yellow,hinglish,rural_pressure_myth,required,pending
pilot_ps_v4_083_1_vaccine_self_admin,ps_v4_083_1_vaccine_self_admin,sft_train,yellow,hinglish,rural_pressure_myth,required,pending
pilot_ps_v4_083_2_vaccine_self_admin,ps_v4_083_2_vaccine_self_admin,sft_train,yellow,english,rural_pressure_myth,required,pending
pilot_ps_v4_083_3_vaccine_self_admin,ps_v4_083_3_vaccine_self_admin,sft_train,yellow,hinglish,rural_pressure_myth,required,pending
pilot_ps_v4_084_1_dewormer_guess,ps_v4_084_1_dewormer_guess,sft_train,yellow,hinglish,rural_pressure_myth,required,pending
pilot_ps_v4_084_2_dewormer_guess,ps_v4_084_2_dewormer_guess,sft_train,yellow,english,rural_pressure_myth,required,pending
pilot_ps_v4_084_3_dewormer_guess,ps_v4_084_3_dewormer_guess,sft_train,yellow,hinglish,rural_pressure_myth,required,pending
pilot_ps_v4_085_1_milk_after_medicine_claim,ps_v4_085_1_milk_after_medicine_claim,sft_train,yellow,hinglish,rural_pressure_myth,required,pending
pilot_ps_v4_085_2_milk_after_medicine_claim,ps_v4_085_2_milk_after_medicine_claim,sft_train,yellow,english,rural_pressure_myth,required,pending
pilot_ps_v4_085_3_milk_after_medicine_claim,ps_v4_085_3_milk_after_medicine_claim,sft_train,yellow,hinglish,rural_pressure_myth,required,pending
pilot_ps_v4_087_1_image_hoof_wound,ps_v4_087_1_image_hoof_wound,sft_train,yellow,hinglish,image_caption_uncertainty,required,pending
pilot_ps_v4_087_2_image_hoof_wound,ps_v4_087_2_image_hoof_wound,sft_train,yellow,english,image_caption_uncertainty,required,pending
pilot_ps_v4_087_3_image_hoof_wound,ps_v4_087_3_image_hoof_wound,sft_train,yellow,hinglish,image_caption_uncertainty,required,pending
pilot_ps_v4_090_1_image_wound_maggots,ps_v4_090_1_image_wound_maggots,sft_train,yellow,hinglish,image_caption_uncertainty,required,pending
pilot_ps_v4_090_2_image_wound_maggots,ps_v4_090_2_image_wound_maggots,sft_train,yellow,english,image_caption_uncertainty,required,pending
pilot_ps_v4_090_3_image_wound_maggots,ps_v4_090_3_image_wound_maggots,sft_train,yellow,hinglish,image_caption_uncertainty,required,pending
pilot_ps_v4_093_1_image_visible_weakness,ps_v4_093_1_image_visible_weakness,sft_train,yellow,hinglish,image_caption_uncertainty,required,pending
pilot_ps_v4_093_2_image_visible_weakness,ps_v4_093_2_image_visible_weakness,sft_train,yellow,english,image_caption_uncertainty,required,pending
pilot_ps_v4_093_3_image_visible_weakness,ps_v4_093_3_image_visible_weakness,sft_train,yellow,hinglish,image_caption_uncertainty,required,pending
pilot_ps_v4_094_1_image_skin_lumps,ps_v4_094_1_image_skin_lumps,sft_train,yellow,hinglish,image_caption_uncertainty,required,pending
pilot_ps_v4_094_2_image_skin_lumps,ps_v4_094_2_image_skin_lumps,sft_train,yellow,english,image_caption_uncertainty,required,pending
pilot_ps_v4_094_3_image_skin_lumps,ps_v4_094_3_image_skin_lumps,sft_train,yellow,hinglish,image_caption_uncertainty,required,pending
pilot_ps_v4_095_1_image_eye_swelling,ps_v4_095_1_image_eye_swelling,sft_train,yellow,hinglish,image_caption_uncertainty,required,pending
pilot_ps_v4_095_2_image_eye_swelling,ps_v4_095_2_image_eye_swelling,sft_train,yellow,english,image_caption_uncertainty,required,pending
pilot_ps_v4_095_3_image_eye_swelling,ps_v4_095_3_image_eye_swelling,sft_train,yellow,hinglish,image_caption_uncertainty,required,pending
pilot_ps_v4_097_1_image_carcass_scene,ps_v4_097_1_image_carcass_scene,sft_train,red,hinglish,image_caption_uncertainty,required,pending
pilot_ps_v4_097_2_image_carcass_scene,ps_v4_097_2_image_carcass_scene,sft_train,red,english,image_caption_uncertainty,required,pending
pilot_ps_v4_097_3_image_carcass_scene,ps_v4_097_3_image_carcass_scene,sft_train,red,hinglish,image_caption_uncertainty,required,pending
pilot_ps_v4_098_1_image_calf_navel,ps_v4_098_1_image_calf_navel,sft_train,yellow,hinglish,image_caption_uncertainty,required,pending
pilot_ps_v4_098_2_image_calf_navel,ps_v4_098_2_image_calf_navel,sft_train,yellow,english,image_caption_uncertainty,required,pending
pilot_ps_v4_098_3_image_calf_navel,ps_v4_098_3_image_calf_navel,sft_train,yellow,hinglish,image_caption_uncertainty,required,pending
pilot_ps_v4_099_1_image_milk_clots,ps_v4_099_1_image_milk_clots,sft_train,yellow,hinglish,image_caption_uncertainty,required,pending
pilot_ps_v4_099_2_image_milk_clots,ps_v4_099_2_image_milk_clots,sft_train,yellow,english,image_caption_uncertainty,required,pending
pilot_ps_v4_099_3_image_milk_clots,ps_v4_099_3_image_milk_clots,sft_train,yellow,hinglish,image_caption_uncertainty,required,pending
pilot_ps_v4_100_1_image_drooling,ps_v4_100_1_image_drooling,sft_train,red,hinglish,image_caption_uncertainty,required,pending
pilot_ps_v4_100_2_image_drooling,ps_v4_100_2_image_drooling,sft_train,red,english,image_caption_uncertainty,required,pending
pilot_ps_v4_100_3_image_drooling,ps_v4_100_3_image_drooling,sft_train,red,hinglish,image_caption_uncertainty,required,pending
pilot_ps_v4_001_1_clean_water_trough,ps_v4_001_1_clean_water_trough,sft_dev,green,hinglish,routine_green,sample_optional,pending
pilot_ps_v4_001_2_clean_water_trough,ps_v4_001_2_clean_water_trough,sft_dev,green,english,routine_green,required,pending
pilot_ps_v4_001_3_clean_water_trough,ps_v4_001_3_clean_water_trough,sft_dev,green,hinglish,routine_green,sample_optional,pending
pilot_ps_v4_033_1_mild_heat_stress,ps_v4_033_1_mild_heat_stress,sft_dev,yellow,hinglish,yellow_triage,sample_optional,pending
pilot_ps_v4_033_2_mild_heat_stress,ps_v4_033_2_mild_heat_stress,sft_dev,yellow,english,yellow_triage,sample_optional,pending
pilot_ps_v4_033_3_mild_heat_stress,ps_v4_033_3_mild_heat_stress,sft_dev,yellow,hinglish,yellow_triage,sample_optional,pending
pilot_ps_v4_042_1_milk_smell_change,ps_v4_042_1_milk_smell_change,sft_dev,yellow,hinglish,yellow_triage,required,pending
pilot_ps_v4_042_2_milk_smell_change,ps_v4_042_2_milk_smell_change,sft_dev,yellow,english,yellow_triage,required,pending
pilot_ps_v4_042_3_milk_smell_change,ps_v4_042_3_milk_smell_change,sft_dev,yellow,hinglish,yellow_triage,required,pending
pilot_ps_v4_050_1_calf_loose_dung_early,ps_v4_050_1_calf_loose_dung_early,sft_dev,yellow,hinglish,yellow_triage,sample_optional,pending
pilot_ps_v4_050_2_calf_loose_dung_early,ps_v4_050_2_calf_loose_dung_early,sft_dev,yellow,english,yellow_triage,sample_optional,pending
pilot_ps_v4_050_3_calf_loose_dung_early,ps_v4_050_3_calf_loose_dung_early,sft_dev,yellow,hinglish,yellow_triage,required,pending
pilot_ps_v4_051_1_bloat_fast_left,ps_v4_051_1_bloat_fast_left,sft_dev,red,hinglish,red_emergency,required,pending
pilot_ps_v4_051_2_bloat_fast_left,ps_v4_051_2_bloat_fast_left,sft_dev,red,english,red_emergency,required,pending
pilot_ps_v4_051_3_bloat_fast_left,ps_v4_051_3_bloat_fast_left,sft_dev,red,hinglish,red_emergency,required,pending
pilot_ps_v4_053_1_calving_no_progress,ps_v4_053_1_calving_no_progress,sft_dev,red,hinglish,red_emergency,required,pending
pilot_ps_v4_053_2_calving_no_progress,ps_v4_053_2_calving_no_progress,sft_dev,red,english,red_emergency,required,pending
pilot_ps_v4_053_3_calving_no_progress,ps_v4_053_3_calving_no_progress,sft_dev,red,hinglish,red_emergency,required,pending
pilot_ps_v4_055_1_calf_diarrhea_dehydrated,ps_v4_055_1_calf_diarrhea_dehydrated,sft_dev,red,hinglish,red_emergency,required,pending
pilot_ps_v4_055_2_calf_diarrhea_dehydrated,ps_v4_055_2_calf_diarrhea_dehydrated,sft_dev,red,english,red_emergency,required,pending
pilot_ps_v4_055_3_calf_diarrhea_dehydrated,ps_v4_055_3_calf_diarrhea_dehydrated,sft_dev,red,hinglish,red_emergency,required,pending
pilot_ps_v4_056_1_fmd_mouth_hoof,ps_v4_056_1_fmd_mouth_hoof,sft_dev,red,hinglish,red_emergency,required,pending
pilot_ps_v4_056_2_fmd_mouth_hoof,ps_v4_056_2_fmd_mouth_hoof,sft_dev,red,english,red_emergency,required,pending
pilot_ps_v4_056_3_fmd_mouth_hoof,ps_v4_056_3_fmd_mouth_hoof,sft_dev,red,hinglish,red_emergency,required,pending
pilot_ps_v4_059_1_severe_wound_maggots,ps_v4_059_1_severe_wound_maggots,sft_dev,red,hinglish,red_emergency,required,pending
pilot_ps_v4_059_2_severe_wound_maggots,ps_v4_059_2_severe_wound_maggots,sft_dev,red,english,red_emergency,required,pending
pilot_ps_v4_059_3_severe_wound_maggots,ps_v4_059_3_severe_wound_maggots,sft_dev,red,hinglish,red_emergency,required,pending
pilot_ps_v4_060_1_snakebite_suspected,ps_v4_060_1_snakebite_suspected,sft_dev,red,hinglish,red_emergency,required,pending
pilot_ps_v4_060_2_snakebite_suspected,ps_v4_060_2_snakebite_suspected,sft_dev,red,english,red_emergency,required,pending
pilot_ps_v4_060_3_snakebite_suspected,ps_v4_060_3_snakebite_suspected,sft_dev,red,hinglish,red_emergency,required,pending
pilot_ps_v4_073_1_local_shop_injection,ps_v4_073_1_local_shop_injection,sft_dev,yellow,hinglish,rural_pressure_myth,required,pending
pilot_ps_v4_073_2_local_shop_injection,ps_v4_073_2_local_shop_injection,sft_dev,yellow,english,rural_pressure_myth,required,pending
pilot_ps_v4_073_3_local_shop_injection,ps_v4_073_3_local_shop_injection,sft_dev,yellow,hinglish,rural_pressure_myth,required,pending
pilot_ps_v4_078_1_sell_abnormal_milk,ps_v4_078_1_sell_abnormal_milk,sft_dev,yellow,hinglish,rural_pressure_myth,required,pending
pilot_ps_v4_078_2_sell_abnormal_milk,ps_v4_078_2_sell_abnormal_milk,sft_dev,yellow,english,rural_pressure_myth,required,pending
pilot_ps_v4_078_3_sell_abnormal_milk,ps_v4_078_3_sell_abnormal_milk,sft_dev,yellow,hinglish,rural_pressure_myth,required,pending
pilot_ps_v4_086_1_image_udder_swelling,ps_v4_086_1_image_udder_swelling,sft_dev,yellow,hinglish,image_caption_uncertainty,required,pending
pilot_ps_v4_086_2_image_udder_swelling,ps_v4_086_2_image_udder_swelling,sft_dev,yellow,english,image_caption_uncertainty,required,pending
pilot_ps_v4_086_3_image_udder_swelling,ps_v4_086_3_image_udder_swelling,sft_dev,yellow,hinglish,image_caption_uncertainty,required,pending
pilot_ps_v4_089_1_image_bloated_belly,ps_v4_089_1_image_bloated_belly,sft_dev,red,hinglish,image_caption_uncertainty,required,pending
pilot_ps_v4_089_2_image_bloated_belly,ps_v4_089_2_image_bloated_belly,sft_dev,red,english,image_caption_uncertainty,required,pending
pilot_ps_v4_089_3_image_bloated_belly,ps_v4_089_3_image_bloated_belly,sft_dev,red,hinglish,image_caption_uncertainty,required,pending
pilot_ps_v4_092_1_image_yoke_injury,ps_v4_092_1_image_yoke_injury,sft_dev,yellow,hinglish,image_caption_uncertainty,required,pending
pilot_ps_v4_092_2_image_yoke_injury,ps_v4_092_2_image_yoke_injury,sft_dev,yellow,english,image_caption_uncertainty,required,pending
pilot_ps_v4_092_3_image_yoke_injury,ps_v4_092_3_image_yoke_injury,sft_dev,yellow,hinglish,image_caption_uncertainty,required,pending
pilot_ps_v4_002_1_summer_water_breaks,ps_v4_002_1_summer_water_breaks,final_eval,green,hinglish,routine_green,sample_optional,pending
pilot_ps_v4_002_2_summer_water_breaks,ps_v4_002_2_summer_water_breaks,final_eval,green,english,routine_green,sample_optional,pending
pilot_ps_v4_002_3_summer_water_breaks,ps_v4_002_3_summer_water_breaks,final_eval,green,hinglish,routine_green,sample_optional,pending
pilot_ps_v4_030_1_minor_wound_surface,ps_v4_030_1_minor_wound_surface,final_eval,yellow,hinglish,yellow_triage,required,pending
pilot_ps_v4_030_2_minor_wound_surface,ps_v4_030_2_minor_wound_surface,final_eval,yellow,english,yellow_triage,required,pending
pilot_ps_v4_030_3_minor_wound_surface,ps_v4_030_3_minor_wound_surface,final_eval,yellow,hinglish,yellow_triage,required,pending
pilot_ps_v4_031_1_udder_discomfort,ps_v4_031_1_udder_discomfort,final_eval,yellow,hinglish,yellow_triage,required,pending
pilot_ps_v4_031_2_udder_discomfort,ps_v4_031_2_udder_discomfort,final_eval,yellow,english,yellow_triage,required,pending
pilot_ps_v4_031_3_udder_discomfort,ps_v4_031_3_udder_discomfort,final_eval,yellow,hinglish,yellow_triage,required,pending
pilot_ps_v4_040_1_monsoon_foot_softness,ps_v4_040_1_monsoon_foot_softness,final_eval,yellow,hinglish,yellow_triage,sample_optional,pending
pilot_ps_v4_040_2_monsoon_foot_softness,ps_v4_040_2_monsoon_foot_softness,final_eval,yellow,english,yellow_triage,sample_optional,pending
pilot_ps_v4_040_3_monsoon_foot_softness,ps_v4_040_3_monsoon_foot_softness,final_eval,yellow,hinglish,yellow_triage,sample_optional,pending
pilot_ps_v4_052_1_bloat_after_green_feed,ps_v4_052_1_bloat_after_green_feed,final_eval,red,hinglish,red_emergency,required,pending
pilot_ps_v4_052_2_bloat_after_green_feed,ps_v4_052_2_bloat_after_green_feed,final_eval,red,english,red_emergency,required,pending
pilot_ps_v4_052_3_bloat_after_green_feed,ps_v4_052_3_bloat_after_green_feed,final_eval,red,hinglish,red_emergency,required,pending
pilot_ps_v4_054_1_calving_abnormal_presentation,ps_v4_054_1_calving_abnormal_presentation,final_eval,red,hinglish,red_emergency,required,pending
pilot_ps_v4_054_2_calving_abnormal_presentation,ps_v4_054_2_calving_abnormal_presentation,final_eval,red,english,red_emergency,required,pending
pilot_ps_v4_054_3_calving_abnormal_presentation,ps_v4_054_3_calving_abnormal_presentation,final_eval,red,hinglish,red_emergency,required,pending
pilot_ps_v4_057_1_sudden_death_unknown,ps_v4_057_1_sudden_death_unknown,final_eval,red,hinglish,red_emergency,required,pending
pilot_ps_v4_057_2_sudden_death_unknown,ps_v4_057_2_sudden_death_unknown,final_eval,red,english,red_emergency,required,pending
pilot_ps_v4_057_3_sudden_death_unknown,ps_v4_057_3_sudden_death_unknown,final_eval,red,hinglish,red_emergency,required,pending
pilot_ps_v4_058_1_poison_spoiled_feed,ps_v4_058_1_poison_spoiled_feed,final_eval,red,hinglish,red_emergency,required,pending
pilot_ps_v4_058_2_poison_spoiled_feed,ps_v4_058_2_poison_spoiled_feed,final_eval,red,english,red_emergency,required,pending
pilot_ps_v4_058_3_poison_spoiled_feed,ps_v4_058_3_poison_spoiled_feed,final_eval,red,hinglish,red_emergency,required,pending
pilot_ps_v4_061_1_dog_bite_risk,ps_v4_061_1_dog_bite_risk,final_eval,red,hinglish,red_emergency,required,pending
pilot_ps_v4_061_2_dog_bite_risk,ps_v4_061_2_dog_bite_risk,final_eval,red,english,red_emergency,required,pending
pilot_ps_v4_061_3_dog_bite_risk,ps_v4_061_3_dog_bite_risk,final_eval,red,hinglish,red_emergency,required,pending
pilot_ps_v4_070_1_heat_collapse,ps_v4_070_1_heat_collapse,final_eval,red,hinglish,red_emergency,required,pending
pilot_ps_v4_070_2_heat_collapse,ps_v4_070_2_heat_collapse,final_eval,red,english,red_emergency,required,pending
pilot_ps_v4_070_3_heat_collapse,ps_v4_070_3_heat_collapse,final_eval,red,hinglish,red_emergency,required,pending
pilot_ps_v4_072_1_human_tablet_fever,ps_v4_072_1_human_tablet_fever,final_eval,yellow,hinglish,rural_pressure_myth,required,pending
pilot_ps_v4_072_2_human_tablet_fever,ps_v4_072_2_human_tablet_fever,final_eval,yellow,english,rural_pressure_myth,required,pending
pilot_ps_v4_072_3_human_tablet_fever,ps_v4_072_3_human_tablet_fever,final_eval,yellow,hinglish,rural_pressure_myth,required,pending
pilot_ps_v4_079_1_hide_mouth_sores,ps_v4_079_1_hide_mouth_sores,final_eval,yellow,hinglish,rural_pressure_myth,required,pending
pilot_ps_v4_079_2_hide_mouth_sores,ps_v4_079_2_hide_mouth_sores,final_eval,yellow,english,rural_pressure_myth,required,pending
pilot_ps_v4_079_3_hide_mouth_sores,ps_v4_079_3_hide_mouth_sores,final_eval,yellow,hinglish,rural_pressure_myth,required,pending
pilot_ps_v4_088_1_image_mouth_sores,ps_v4_088_1_image_mouth_sores,final_eval,red,hinglish,image_caption_uncertainty,required,pending
pilot_ps_v4_088_2_image_mouth_sores,ps_v4_088_2_image_mouth_sores,final_eval,red,english,image_caption_uncertainty,required,pending
pilot_ps_v4_088_3_image_mouth_sores,ps_v4_088_3_image_mouth_sores,final_eval,red,hinglish,image_caption_uncertainty,required,pending
pilot_ps_v4_091_1_image_calf_diarrhea,ps_v4_091_1_image_calf_diarrhea,final_eval,yellow,hinglish,image_caption_uncertainty,required,pending
pilot_ps_v4_091_2_image_calf_diarrhea,ps_v4_091_2_image_calf_diarrhea,final_eval,yellow,english,image_caption_uncertainty,required,pending
pilot_ps_v4_091_3_image_calf_diarrhea,ps_v4_091_3_image_calf_diarrhea,final_eval,yellow,hinglish,image_caption_uncertainty,required,pending
pilot_ps_v4_096_1_image_leg_swelling,ps_v4_096_1_image_leg_swelling,final_eval,yellow,hinglish,image_caption_uncertainty,required,pending
pilot_ps_v4_096_2_image_leg_swelling,ps_v4_096_2_image_leg_swelling,final_eval,yellow,english,image_caption_uncertainty,required,pending
pilot_ps_v4_096_3_image_leg_swelling,ps_v4_096_3_image_leg_swelling,final_eval,yellow,hinglish,image_caption_uncertainty,required,pending
